id,name,created_at
1,Spider-Man,2025-05-20 00:00:00
2,Iron Man,2025-05-20 00:00:00
3,Thor,2025-05-21 00:00:00
4,Hulk,2025-05-21 00:00:00
5,Captain America,2025-05-22 00:00:00
6,Black Widow,2025-05-22 00:00:00
7,Doctor Strange,2025-05-23 00:00:00
8,Black Panther,2025-05-23 00:00:00
9,Scarlet Witch,2025-05-24 00:00:00
10,Ant-Man,2025-05-24 00:00:00
11,dataiskole,2025-05-26 00:00:00
12,Bawani,2025-05-28
13,bawani,2025-05-12
14,bawani,2025-05-12
15,bawani,2025-05-12
16,Bawani,2025-05-28
17,ABCD,2025-05-28
18,Test,2025-05-28
19,Test1,2025-05-28
